year,count,milestone,race_ethnicity,sentiment
1928,10,-1,white,-1
1929,16,-1,white,-1
1930,18,-1,white,-1
1931,15,-1,white,-1
1932,9,-1,white,-1
1933,9,-1,white,-1
1934,10,-1,white,-1
1935,14,-1,white,-1
1935,1,-1,asian,-1
1936,25,-1,white,-1
1937,25,-1,white,-1
1938,25,-1,white,-1
1939,24,-1,white,-1
1939,1,-1,black,-1
1940,25,-1,white,-1
1941,25,African–Americans in WWII                             ,white,Acceptance
1942,25,-1,white,-1
1943,25,-1,white,-1
1944,25,-1,white,-1
1945,25,-1,white,-1
1946,25,-1,white,-1
1947,25,Jackie Robinson                                         ,white,Acceptance
1948,24,-1,white,-1
1948,1,-1,hispan,-1
1949,24,-1,white,-1
1949,1,-1,black,-1
1950,24,-1,white,-1
1950,1,-1,hispan,-1
1951,25,-1,white,-1
1952,23,-1,white,-1
1952,2,-1,hispan,-1
1953,25,-1,white,-1
1954,23,"Brown v. Board Of Education, May 17, 1954",white,Acceptance
1954,1,"Brown v. Board Of Education, May 17, 1954",black,Acceptance
1954,1,"Brown v. Board Of Education, May 17, 1954",hispan,Acceptance
1955,25,"Emmett Till|Rosa Parks and the Montgomery Bus Boycott, December 1955",white,Protest|Protest
1956,24,-1,white,-1
1956,1,-1,hispan,-1
1957,22,"Central High School integrated, September 1957",white,Acceptance
1957,2,"Central High School integrated, September 1957",asian,Acceptance
1957,1,"Central High School integrated, September 1957",hispan,Acceptance
1958,24,-1,white,-1
1958,1,-1,black,-1
1959,24,-1,white,-1
1959,1,-1,black,-1
1960,25,"Sit–in movement and founding of SNCC, 1960",white,Protest
1961,25,"CORE and Freedom Rides, May 1961",white,Acceptance
1961,1,"CORE and Freedom Rides, May 1961",hispan,Acceptance
1962,24,"Integration of Ole Miss, September 1962",white,Acceptance
1962,1,"Integration of Ole Miss, September 1962",arab,Acceptance
1963,24,"Birmingham church bombed, 1963|“I Have a Dream”, 1963",white,Protest|Acceptance
1963,1,"Birmingham church bombed, 1963|“I Have a Dream”, 1963",black,Protest|Acceptance
1964,24,"Civil Rights Act of 1964, July 1964|Freedom Summer and the “Mississippi Burning” murders, June 1964",white,Acceptance|Acceptance
1964,1,"Civil Rights Act of 1964, July 1964|Freedom Summer and the “Mississippi Burning” murders, June 1964",hispan,Acceptance|Acceptance
1965,24,"Selma to Montgomery march, March 1965|Malcolm X shot to death, February 1965|Voting Rights Act of 1965, August 1965

",white,Protest|Protest|Acceptance
1965,1,"Selma to Montgomery march, March 1965|Malcolm X shot to death, February 1965|Voting Rights Act of 1965, August 1965
",asian,Protest|Protest|Acceptance
1966,23,-1,white,-1
1966,1,-1,asian,-1
1966,1,-1,indig,-1
1967,23,-1,white,-1
1967,2,-1,black,-1
1968,25,"Fair Housing Act, April 1968|MLK assassinated, April 4, 1968
",white,Acceptance|Protest
1969,24,-1,white,-1
1969,1,-1,black,-1
1970,23,-1,white,-1
1970,1,-1,black,-1
1970,1,-1,indig,-1
1971,25,-1,white,-1
1972,22,"Shirley Chisholm runs for president, 1972",white,Acceptance
1972,3,"Shirley Chisholm runs for president, 1972",black,Acceptance
1973,25,-1,white,-1
1974,24,-1,white,-1
1974,1,-1,black,-1
1975,24,-1,white,-1
1975,1,-1,arab,-1
1976,25,-1,white,-1
1977,25,-1,white,-1
1978,26,"The Bakke decision and affirmative action, 1978",white,Protest
1979,25,-1,white,-1
1980,25,-1,white,-1
1981,24,-1,white,-1
1981,1,-1,black,-1
1982,23,-1,white,-1
1982,1,-1,black,-1
1982,1,-1,asian,-1
1983,24,-1,white,-1
1983,1,-1,black,-1
1984,22,"Jesse Jackson galvanizes black voters, 1984",white,Acceptance
1984,1,"Jesse Jackson galvanizes black voters, 1984",black,Acceptance
1984,2,"Jesse Jackson galvanizes black voters, 1984",asian,Acceptance
1985,19,-1,white,-1
1985,3,-1,black,-1
1985,2,-1,asian,-1
1985,1,-1,hispan,-1
1986,24,"Oprah Winfrey launches syndicated talk show, 1986",white,Acceptance
1986,1,"Oprah Winfrey launches syndicated talk show, 1986",black,Acceptance
1987,22,-1,white,-1
1987,2,-1,black,-1
1987,1,-1,hispan,-1
1988,24,-1,white,-1
1988,1,-1,black,-1
1989,22,-1,white,-1
1989,2,-1,black,-1
1989,1,-1,arab,-1
1990,23,-1,white,-1
1990,1,-1,black,-1
1990,1,-1,hispan,-1
1991,23,-1,white,-1
1991,1,-1,black,-1
1991,1,-1,asian,-1
1992,23,"Los Angeles riots, 1992",white,Protest
1992,2,"Los Angeles riots, 1992",black,Protest
1993,22,-1,white,-1
1993,2,-1,black,-1
1993,1,-1,hispan,-1
1994,22,-1,white,-1
1994,2,-1,black,-1
1994,1,-1,asian,-1
1995,25,"Million Man March, 1995",white,Acceptance
1996,23,-1,white,-1
1996,2,-1,black,-1
1997,24,-1,white,-1
1997,1,-1,arab,-1
1998,24,-1,white,-1
1998,1,-1,hispan,-1
1999,22,-1,white,-1
1999,2,-1,black,-1
1999,1,-1,asian,-1
2000,23,-1,white,-1
2000,2,-1,asian,-1
2001,21,"Colin Powell becomes secretary of state, 2001",white,Acceptance
2001,3,"Colin Powell becomes secretary of state, 2001",black,Acceptance
2001,1,"Colin Powell becomes secretary of state, 2001",asian,Acceptance
2002,23,-1,white,-1
2002,1,-1,black,-1
2002,1,-1,hispan,-1
2003,20,-1,white,-1
2003,1,-1,black,-1
2003,2,-1,asian,-1
2003,1,-1,hispan,-1
2003,1,-1,arab,-1
2004,19,-1,white,-1
2004,5,-1,black,-1
2004,1,-1,hispan,-1
2005,23,-1,white,-1
2005,1,-1,black,-1
2005,1,-1,asian,-1
2006,18,-1,white,-1
2006,5,-1,black,-1
2006,1,-1,asian,-1
2006,1,-1,hispan,-1
2007,24,-1,white,-1
2007,1,-1,black,-1
2008,23,"Barack Obama becomes 44th U.S. president, 2008",white,Acceptance
2008,2,"Barack Obama becomes 44th U.S. president, 2008",black,Acceptance
2009,21,-1,white,-1
2009,4,-1,black,-1
2010,25,-1,white,-1
2011,21,-1,white,-1
2011,3,-1,black,-1
2011,1,-1,hispan,-1
2012,22,-1,white,-1
2012,2,-1,black,-1
2012,1,-1,asian,-1
2013,22,-1,white,-1
2013,3,-1,black,-1
2014,25,-1,white,-1
2015,25,-1,white,-1
